{
  "新品列表" : {
    "transaction" : "新品列表",
    "sampleCount" : 1000,
    "errorCount" : 0,
    "errorPct" : 0.0,
    "meanResTime" : 164.7229999999998,
    "medianResTime" : 10.0,
    "minResTime" : 2.0,
    "maxResTime" : 16229.0,
    "pct1ResTime" : 466.79999999999995,
    "pct2ResTime" : 604.8999999999999,
    "pct3ResTime" : 1378.0,
    "throughput" : 12.989037252558841,
    "receivedKBytesPerSec" : 65.46525513716423,
    "sentKBytesPerSec" : 2.5115521250064945
  },
  "分类列表" : {
    "transaction" : "分类列表",
    "sampleCount" : 1000,
    "errorCount" : 0,
    "errorPct" : 0.0,
    "meanResTime" : 159.42300000000014,
    "medianResTime" : 8.0,
    "minResTime" : 2.0,
    "maxResTime" : 17048.0,
    "pct1ResTime" : 471.0,
    "pct2ResTime" : 661.7999999999997,
    "pct3ResTime" : 1043.97,
    "throughput" : 12.992750045474624,
    "receivedKBytesPerSec" : 22.331289140659514,
    "sentKBytesPerSec" : 2.3853877036613573
  },
  "获取收藏列表" : {
    "transaction" : "获取收藏列表",
    "sampleCount" : 1000,
    "errorCount" : 694,
    "errorPct" : 69.4,
    "meanResTime" : 283.7550000000004,
    "medianResTime" : 54.0,
    "minResTime" : 7.0,
    "maxResTime" : 16960.0,
    "pct1ResTime" : 723.9,
    "pct2ResTime" : 990.9499999999999,
    "pct3ResTime" : 1542.6700000000003,
    "throughput" : 13.291509383805625,
    "receivedKBytesPerSec" : 5.9174215136370885,
    "sentKBytesPerSec" : 3.9662435120819817
  },
  "所有品牌" : {
    "transaction" : "所有品牌",
    "sampleCount" : 1000,
    "errorCount" : 0,
    "errorPct" : 0.0,
    "meanResTime" : 154.56800000000004,
    "medianResTime" : 35.0,
    "minResTime" : 3.0,
    "maxResTime" : 9520.0,
    "pct1ResTime" : 462.79999999999995,
    "pct2ResTime" : 667.299999999999,
    "pct3ResTime" : 1262.5400000000004,
    "throughput" : 12.999844001871978,
    "receivedKBytesPerSec" : 38.82179976340284,
    "sentKBytesPerSec" : 2.3866901097186832
  },
  "热门商品" : {
    "transaction" : "热门商品",
    "sampleCount" : 1000,
    "errorCount" : 0,
    "errorPct" : 0.0,
    "meanResTime" : 213.70100000000002,
    "medianResTime" : 17.0,
    "minResTime" : 2.0,
    "maxResTime" : 15177.0,
    "pct1ResTime" : 499.0,
    "pct2ResTime" : 710.9499999999999,
    "pct3ResTime" : 1207.98,
    "throughput" : 12.980101504393764,
    "receivedKBytesPerSec" : 50.842956185667376,
    "sentKBytesPerSec" : 2.509824314326138
  },
  "商品搜索-高并发" : {
    "transaction" : "商品搜索-高并发",
    "sampleCount" : 10000,
    "errorCount" : 0,
    "errorPct" : 0.0,
    "meanResTime" : 625.128999999999,
    "medianResTime" : 440.0,
    "minResTime" : 5.0,
    "maxResTime" : 18192.0,
    "pct1ResTime" : 1327.0,
    "pct2ResTime" : 1930.949999999999,
    "pct3ResTime" : 3077.959999999999,
    "throughput" : 128.33510863566946,
    "receivedKBytesPerSec" : 1142.859234031904,
    "sentKBytesPerSec" : 29.07592305026886
  },
  "商品详情" : {
    "transaction" : "商品详情",
    "sampleCount" : 1000,
    "errorCount" : 0,
    "errorPct" : 0.0,
    "meanResTime" : 246.13299999999995,
    "medianResTime" : 44.0,
    "minResTime" : 6.0,
    "maxResTime" : 16227.0,
    "pct1ResTime" : 538.9,
    "pct2ResTime" : 791.9499999999999,
    "pct3ResTime" : 1451.7100000000003,
    "throughput" : 12.98886853966151,
    "receivedKBytesPerSec" : 19.654530091149383,
    "sentKBytesPerSec" : 2.3963320855901493
  },
  "用户登录" : {
    "transaction" : "用户登录",
    "sampleCount" : 1000,
    "errorCount" : 0,
    "errorPct" : 0.0,
    "meanResTime" : 859.8020000000001,
    "medianResTime" : 428.0,
    "minResTime" : 7.0,
    "maxResTime" : 16743.0,
    "pct1ResTime" : 1277.6,
    "pct2ResTime" : 2024.099999999996,
    "pct3ResTime" : 14967.700000000013,
    "throughput" : 13.313097425246958,
    "receivedKBytesPerSec" : 9.944467742364939,
    "sentKBytesPerSec" : 4.6161865214873385
  },
  "可用优惠券" : {
    "transaction" : "可用优惠券",
    "sampleCount" : 1000,
    "errorCount" : 0,
    "errorPct" : 0.0,
    "meanResTime" : 187.9309999999999,
    "medianResTime" : 36.0,
    "minResTime" : 4.0,
    "maxResTime" : 16235.0,
    "pct1ResTime" : 522.6999999999999,
    "pct2ResTime" : 731.5499999999994,
    "pct3ResTime" : 1266.6500000000003,
    "throughput" : 12.952528981283596,
    "receivedKBytesPerSec" : 23.021096431578265,
    "sentKBytesPerSec" : 2.4665460462405284
  },
  "热门搜索词" : {
    "transaction" : "热门搜索词",
    "sampleCount" : 1000,
    "errorCount" : 0,
    "errorPct" : 0.0,
    "meanResTime" : 179.3420000000001,
    "medianResTime" : 27.0,
    "minResTime" : 2.0,
    "maxResTime" : 16356.0,
    "pct1ResTime" : 554.0,
    "pct2ResTime" : 678.3499999999991,
    "pct3ResTime" : 1063.91,
    "throughput" : 12.955213825804194,
    "receivedKBytesPerSec" : 8.172918097138194,
    "sentKBytesPerSec" : 2.5935730803611916
  },
  "品牌详情" : {
    "transaction" : "品牌详情",
    "sampleCount" : 1000,
    "errorCount" : 0,
    "errorPct" : 0.0,
    "meanResTime" : 241.09300000000013,
    "medianResTime" : 76.5,
    "minResTime" : 6.0,
    "maxResTime" : 2365.0,
    "pct1ResTime" : 679.8999999999997,
    "pct2ResTime" : 929.4499999999992,
    "pct3ResTime" : 1551.6600000000003,
    "throughput" : 12.997647425815927,
    "receivedKBytesPerSec" : 8.137568115796041,
    "sentKBytesPerSec" : 2.3684404529030245
  },
  "商品搜索" : {
    "transaction" : "商品搜索",
    "sampleCount" : 1000,
    "errorCount" : 0,
    "errorPct" : 0.0,
    "meanResTime" : 526.7320000000001,
    "medianResTime" : 229.5,
    "minResTime" : 5.0,
    "maxResTime" : 17096.0,
    "pct1ResTime" : 1422.2999999999997,
    "pct2ResTime" : 1965.3999999999992,
    "pct3ResTime" : 2932.7700000000004,
    "throughput" : 12.955717358070116,
    "receivedKBytesPerSec" : 115.37420565257948,
    "sentKBytesPerSec" : 3.0491483235301735
  },
  "获取积分信息" : {
    "transaction" : "获取积分信息",
    "sampleCount" : 1000,
    "errorCount" : 694,
    "errorPct" : 69.4,
    "meanResTime" : 277.92000000000024,
    "medianResTime" : 53.0,
    "minResTime" : 7.0,
    "maxResTime" : 17851.0,
    "pct1ResTime" : 714.6999999999999,
    "pct2ResTime" : 955.7999999999997,
    "pct3ResTime" : 1651.6900000000003,
    "throughput" : 13.287977038375677,
    "receivedKBytesPerSec" : 6.547209483297013,
    "sentKBytesPerSec" : 3.705658643496864
  },
  "分类商品" : {
    "transaction" : "分类商品",
    "sampleCount" : 1000,
    "errorCount" : 0,
    "errorPct" : 0.0,
    "meanResTime" : 197.72299999999993,
    "medianResTime" : 36.5,
    "minResTime" : 6.0,
    "maxResTime" : 10077.0,
    "pct1ResTime" : 548.5999999999999,
    "pct2ResTime" : 775.8499999999998,
    "pct3ResTime" : 1414.99,
    "throughput" : 12.988193731897704,
    "receivedKBytesPerSec" : 50.65845829734522,
    "sentKBytesPerSec" : 2.690243045634019
  },
  "获取订单统计" : {
    "transaction" : "获取订单统计",
    "sampleCount" : 1000,
    "errorCount" : 0,
    "errorPct" : 0.0,
    "meanResTime" : 286.4430000000007,
    "medianResTime" : 143.5,
    "minResTime" : 5.0,
    "maxResTime" : 1967.0,
    "pct1ResTime" : 769.8,
    "pct2ResTime" : 982.9499999999999,
    "pct3ResTime" : 1421.7500000000002,
    "throughput" : 13.289036544850498,
    "receivedKBytesPerSec" : 7.412089908637873,
    "sentKBytesPerSec" : 3.705954111295681
  },
  "商品详情和参数" : {
    "transaction" : "商品详情和参数",
    "sampleCount" : 1000,
    "errorCount" : 0,
    "errorPct" : 0.0,
    "meanResTime" : 253.787,
    "medianResTime" : 68.0,
    "minResTime" : 7.0,
    "maxResTime" : 17014.0,
    "pct1ResTime" : 603.1999999999998,
    "pct2ResTime" : 789.6499999999995,
    "pct3ResTime" : 1504.880000000001,
    "throughput" : 12.977574750830565,
    "receivedKBytesPerSec" : 38.88244882374507,
    "sentKBytesPerSec" : 2.495661130379205
  },
  "获取订单列表" : {
    "transaction" : "获取订单列表",
    "sampleCount" : 1000,
    "errorCount" : 0,
    "errorPct" : 0.0,
    "meanResTime" : 306.2100000000005,
    "medianResTime" : 136.0,
    "minResTime" : 5.0,
    "maxResTime" : 16199.0,
    "pct1ResTime" : 677.9,
    "pct2ResTime" : 996.5499999999994,
    "pct3ResTime" : 1510.8500000000001,