{
  "新品列表" : {
    "transaction" : "新品列表",
    "sampleCount" : 1000,
    "errorCount" : 1000,
    "errorPct" : 100.0,
    "meanResTime" : 5.315999999999992,
    "medianResTime" : 1.0,
    "minResTime" : 0.0,
    "maxResTime" : 23.0,
    "pct1ResTime" : 12.0,
    "pct2ResTime" : 21.0,
    "pct3ResTime" : 22.0,
    "throughput" : 32.881757201104826,
    "receivedKBytesPerSec" : 85.99350174273313,
    "sentKBytesPerSec" : 0.0
  },
  "分类列表" : {
    "transaction" : "分类列表",
    "sampleCount" : 1000,
    "errorCount" : 1000,
    "errorPct" : 100.0,
    "meanResTime" : 5.281000000000007,
    "medianResTime" : 1.0,
    "minResTime" : 0.0,
    "maxResTime" : 22.0,
    "pct1ResTime" : 11.0,
    "pct2ResTime" : 20.0,
    "pct3ResTime" : 22.0,
    "throughput" : 32.89581894141254,
    "receivedKBytesPerSec" : 86.0302764893582,
    "sentKBytesPerSec" : 0.0
  },
  "获取收藏列表" : {
    "transaction" : "获取收藏列表",
    "sampleCount" : 1000,
    "errorCount" : 1000,
    "errorPct" : 100.0,
    "meanResTime" : 5.539000000000002,
    "medianResTime" : 1.0,
    "minResTime" : 0.0,
    "maxResTime" : 31.0,
    "pct1ResTime" : 15.899999999999977,
    "pct2ResTime" : 21.0,
    "pct3ResTime" : 21.99000000000001,
    "throughput" : 16.733601070950467,
    "receivedKBytesPerSec" : 43.76228873828648,
    "sentKBytesPerSec" : 0.0
  },
  "所有品牌" : {
    "transaction" : "所有品牌",
    "sampleCount" : 1000,
    "errorCount" : 1000,
    "errorPct" : 100.0,
    "meanResTime" : 5.273000000000005,
    "medianResTime" : 1.0,
    "minResTime" : 0.0,
    "maxResTime" : 23.0,
    "pct1ResTime" : 11.0,
    "pct2ResTime" : 21.0,
    "pct3ResTime" : 22.0,
    "throughput" : 32.899065666535066,
    "receivedKBytesPerSec" : 86.0387674365048,
    "sentKBytesPerSec" : 0.0
  },
  "热门商品" : {
    "transaction" : "热门商品",
    "sampleCount" : 1000,
    "errorCount" : 1000,
    "errorPct" : 100.0,
    "meanResTime" : 5.142,
    "medianResTime" : 1.0,
    "minResTime" : 0.0,
    "maxResTime" : 22.0,
    "pct1ResTime" : 11.0,
    "pct2ResTime" : 20.0,
    "pct3ResTime" : 21.99000000000001,
    "throughput" : 32.890409156689906,
    "receivedKBytesPerSec" : 86.01612863439021,
    "sentKBytesPerSec" : 0.0
  },
  "商品搜索-高并发" : {
    "transaction" : "商品搜索-高并发",
    "sampleCount" : 10000,
    "errorCount" : 10000,
    "errorPct" : 100.0,
    "meanResTime" : 5.4468999999999825,
    "medianResTime" : 1.0,
    "minResTime" : 0.0,
    "maxResTime" : 39.0,
    "pct1ResTime" : 12.0,
    "pct2ResTime" : 21.0,
    "pct3ResTime" : 22.0,
    "throughput" : 164.4304130491976,
    "receivedKBytesPerSec" : 430.0240685017101,
    "sentKBytesPerSec" : 0.0
  },
  "商品详情" : {
    "transaction" : "商品详情",
    "sampleCount" : 1000,
    "errorCount" : 1000,
    "errorPct" : 100.0,
    "meanResTime" : 5.799000000000001,
    "medianResTime" : 1.0,
    "minResTime" : 0.0,
    "maxResTime" : 30.0,
    "pct1ResTime" : 13.899999999999977,
    "pct2ResTime" : 21.0,
    "pct3ResTime" : 22.0,
    "throughput" : 32.88608260983952,
    "receivedKBytesPerSec" : 86.00481370034201,
    "sentKBytesPerSec" : 0.0
  },
  "用户登录" : {
    "transaction" : "用户登录",
    "sampleCount" : 1000,
    "errorCount" : 1000,
    "errorPct" : 100.0,
    "meanResTime" : 6.498999999999998,
    "medianResTime" : 1.0,
    "minResTime" : 0.0,
    "maxResTime" : 61.0,
    "pct1ResTime" : 20.0,
    "pct2ResTime" : 21.0,
    "pct3ResTime" : 22.0,
    "throughput" : 16.69978791269351,
    "receivedKBytesPerSec" : 43.67385940448556,
    "sentKBytesPerSec" : 0.0
  },
  "可用优惠券" : {
    "transaction" : "可用优惠券",
    "sampleCount" : 1000,
    "errorCount" : 1000,
    "errorPct" : 100.0,
    "meanResTime" : 4.802999999999999,
    "medianResTime" : 1.0,
    "minResTime" : 0.0,
    "maxResTime" : 22.0,
    "pct1ResTime" : 11.0,
    "pct2ResTime" : 20.0,
    "pct3ResTime" : 22.0,
    "throughput" : 32.907726734237194,
    "receivedKBytesPerSec" : 86.0614181584836,
    "sentKBytesPerSec" : 0.0
  },
  "热门搜索词" : {
    "transaction" : "热门搜索词",
    "sampleCount" : 1000,
    "errorCount" : 1000,
    "errorPct" : 100.0,
    "meanResTime" : 5.213999999999994,
    "medianResTime" : 1.0,
    "minResTime" : 0.0,
    "maxResTime" : 22.0,
    "pct1ResTime" : 11.0,
    "pct2ResTime" : 21.0,
    "pct3ResTime" : 22.0,
    "throughput" : 32.90556103981573,
    "receivedKBytesPerSec" : 86.05575435998684,
    "sentKBytesPerSec" : 0.0
  },
  "品牌详情" : {
    "transaction" : "品牌详情",
    "sampleCount" : 1000,
    "errorCount" : 1000,
    "errorPct" : 100.0,
    "meanResTime" : 4.986000000000003,
    "medianResTime" : 1.0,
    "minResTime" : 0.0,
    "maxResTime" : 24.0,
    "pct1ResTime" : 11.0,
    "pct2ResTime" : 21.0,
    "pct3ResTime" : 22.0,
    "throughput" : 32.899065666535066,
    "receivedKBytesPerSec" : 86.0387674365048,
    "sentKBytesPerSec" : 0.0
  },
  "商品搜索" : {
    "transaction" : "商品搜索",
    "sampleCount" : 1000,
    "errorCount" : 1000,
    "errorPct" : 100.0,
    "meanResTime" : 5.435999999999998,
    "medianResTime" : 1.0,
    "minResTime" : 0.0,
    "maxResTime" : 22.0,
    "pct1ResTime" : 12.0,
    "pct2ResTime" : 21.0,
    "pct3ResTime" : 22.0,
    "throughput" : 32.90339563042906,
    "receivedKBytesPerSec" : 86.05009130692288,
    "sentKBytesPerSec" : 0.0
  },
  "获取积分信息" : {
    "transaction" : "获取积分信息",
    "sampleCount" : 1000,
    "errorCount" : 1000,
    "errorPct" : 100.0,
    "meanResTime" : 5.1080000000000005,
    "medianResTime" : 1.0,
    "minResTime" : 0.0,
    "maxResTime" : 38.0,
    "pct1ResTime" : 11.0,
    "pct2ResTime" : 20.0,
    "pct3ResTime" : 22.0,
    "throughput" : 16.736681785469212,
    "receivedKBytesPerSec" : 43.77034552879546,
    "sentKBytesPerSec" : 0.0
  },
  "分类商品" : {
    "transaction" : "分类商品",
    "sampleCount" : 1000,
    "errorCount" : 1000,
    "errorPct" : 100.0,
    "meanResTime" : 5.007999999999994,
    "medianResTime" : 1.0,
    "minResTime" : 0.0,
    "maxResTime" : 23.0,
    "pct1ResTime" : 11.0,
    "pct2ResTime" : 20.0,
    "pct3ResTime" : 22.0,
    "throughput" : 32.88716413983622,
    "receivedKBytesPerSec" : 86.007642154767,
    "sentKBytesPerSec" : 0.0
  },
  "获取订单统计" : {
    "transaction" : "获取订单统计",
    "sampleCount" : 1000,
    "errorCount" : 1000,
    "errorPct" : 100.0,
    "meanResTime" : 5.254000000000001,
    "medianResTime" : 1.0,
    "minResTime" : 0.0,
    "maxResTime" : 25.0,
    "pct1ResTime" : 12.0,
    "pct2ResTime" : 21.0,
    "pct3ResTime" : 22.0,
    "throughput" : 16.733601070950467,
    "receivedKBytesPerSec" : 43.76228873828648,
    "sentKBytesPerSec" : 0.0
  },
  "商品详情和参数" : {
    "transaction" : "商品详情和参数",
    "sampleCount" : 1000,
    "errorCount" : 1000,
    "errorPct" : 100.0,
    "meanResTime" : 5.655999999999994,
    "medianResTime" : 1.0,
    "minResTime" : 0.0,
    "maxResTime" : 22.0,
    "pct1ResTime" : 12.0,
    "pct2ResTime" : 21.0,
    "pct3ResTime" : 22.0,
    "throughput" : 32.888245740972174,
    "receivedKBytesPerSec" : 86.01047079523778,
    "sentKBytesPerSec" : 0.0
  },
  "获取订单列表" : {
    "transaction" : "获取订单列表",
    "sampleCount" : 1000,
    "errorCount" : 1000,
    "errorPct" : 100.0,
    "meanResTime" : 5.171000000000004,
    "medianResTime" : 1.0,
    "minResTime" : 0.0,
    "maxResTime" : 25.0,
    "pct1ResTime" : 11.0,
    "pct2ResTime" : 21.0,
    "pct3ResTime" : 22.0,
    "throughput" : 16.737522177216885,
    "receivedKBytesPerSec" : 43.77254335018244,
    "sentKBytesPerSec" : 0.0
  },
  "品牌列表" : {
    "transaction" : "品牌列表",
    "sampleCount" : 1000,
    "errorCount" : 1000,
    "errorPct" : 100.0,
    "meanResTime" : 5.336,
    "medianResTime" : 1.0,
    "minResTime" : 0.0,
    "maxResTime" : 22.0,
    "pct1ResTime" : 11.0,
    "pct2ResTime" : 21.0,
    "pct3ResTime" : 22.0,
    "throughput" : 32.89690111191526,
    "receivedKBytesPerSec" : 86.03310661885651,
    "sentKBytesPerSec" : 0.0
  },
  "商品详情-高并发" : {
    "transaction" : "商品详情-高并发",
    "sampleCount" : 10000,
    "errorCount" : 10000,
    "errorPct" : 100.0,
    "meanResTime" : 5.556599999999998,
    "medianResTime" : 1.0,