Label,# Samples,Average,Median,90% Line,95% Line,99% Line,Min,Max,Error %,Throughput,Received KB/sec,Sent KB/sec
用户登录,10000,6,2,3,7,171,1,282,0.000%,332.30319,199.87,84.37
秒杀抢购,10000,3,3,4,5,8,2,33,0.000%,332.56843,178.88,103.96
浏览商品列表,246038,2,2,3,6,15,0,257,6.881%,822.36624,9258.30,150.31
查看商品详情,242849,4,4,6,8,16,0,294,7.138%,817.69267,2053.48,139.41
TOTAL,508887,3,3,5,7,16,0,294,6.733%,1696.33524,11304.26,306.81
