Label,# Samples,Average,Min,Max,Std. Dev.,Error %,Throughput,Received KB/sec,Sent KB/sec,Avg. Bytes
获取商品列表,25000,2,1,172,3.04,0.000%,83.34306,993.36,16.36,12205.0
获取商品详情,25000,3,2,94,2.90,0.000%,83.34361,163.49,15.37,2008.8
用户登录,10000,54,1,354,90.19,0.000%,33.32445,22.61,8.49,694.6
秒杀下单,10000,3,2,194,2.81,0.000%,33.33156,18.16,11.33,557.8
TOTAL,70000,10,1,354,38.67,0.000%,233.04901,1196.03,51.49,5255.3
