Label,# Samples,Average,Min,Max,Std. Dev.,Error %,Throughput,Received KB/sec,Sent KB/sec,Avg. Bytes
用户登录,10000,59,2,1388,119.73,0.000%,332.23695,199.92,84.36,616.2
秒杀抢购,10000,54,4,742,98.99,0.000%,333.32222,179.29,104.23,550.8
浏览商品列表,134144,62,0,1421,134.63,12.504%,748.97685,4992.79,128.70,6826.1
查看商品详情,130986,66,0,1415,139.05,13.090%,740.30576,1396.91,118.70,1932.2
TOTAL,285130,63,0,1421,135.14,11.896%,1584.23158,6405.06,276.25,4140.0
