Label,# Samples,Average,Min,Max,Std. Dev.,Error %,Throughput,Received KB/sec,Sent KB/sec,Avg. Bytes
用户登录,10000,6,1,282,24.70,0.000%,332.30319,199.87,84.37,615.9
秒杀抢购,10000,3,2,33,1.60,0.000%,332.56843,178.88,103.96,550.8
浏览商品列表,246038,2,0,257,5.15,6.881%,822.36624,9258.30,150.31,11528.3
查看商品详情,242849,4,0,294,5.35,7.138%,817.69267,2053.48,139.41,2571.6
TOTAL,508887,3,0,294,6.29,6.733%,1696.33524,11304.26,306.81,6823.9
