{
  "新品列表" : {
    "transaction" : "新品列表",
    "sampleCount" : 1000,
    "errorCount" : 0,
    "errorPct" : 0.0,
    "meanResTime" : 50.97200000000006,
    "medianResTime" : 8.0,
    "minResTime" : 2.0,
    "maxResTime" : 659.0,
    "pct1ResTime" : 157.0,
    "pct2ResTime" : 202.89999999999986,
    "pct3ResTime" : 357.84000000000015,
    "throughput" : 21.537798836958864,
    "receivedKBytesPerSec" : 132.4658760499677,
    "sentKBytesPerSec" : 4.18556832866681
  },
  "分类列表" : {
    "transaction" : "分类列表",
    "sampleCount" : 1000,
    "errorCount" : 0,
    "errorPct" : 0.0,
    "meanResTime" : 49.098000000000035,
    "medianResTime" : 7.0,
    "minResTime" : 2.0,
    "maxResTime" : 820.0,
    "pct1ResTime" : 150.0,
    "pct2ResTime" : 205.0,
    "pct3ResTime" : 473.0,
    "throughput" : 21.520649062775732,
    "receivedKBytesPerSec" : 36.98861557664579,
    "sentKBytesPerSec" : 3.9510566638689824
  },
  "获取收藏列表" : {
    "transaction" : "获取收藏列表",
    "sampleCount" : 1000,
    "errorCount" : 0,
    "errorPct" : 0.0,
    "meanResTime" : 91.22299999999991,
    "medianResTime" : 57.5,
    "minResTime" : 5.0,
    "maxResTime" : 610.0,
    "pct1ResTime" : 224.0,
    "pct2ResTime" : 283.0,
    "pct3ResTime" : 460.6900000000003,
    "throughput" : 16.202466015327534,
    "receivedKBytesPerSec" : 8.851229969701388,
    "sentKBytesPerSec" : 4.868398001425817
  },
  "所有品牌" : {
    "transaction" : "所有品牌",
    "sampleCount" : 1000,
    "errorCount" : 0,
    "errorPct" : 0.0,
    "meanResTime" : 59.77599999999996,
    "medianResTime" : 35.0,
    "minResTime" : 3.0,
    "maxResTime" : 716.0,
    "pct1ResTime" : 145.0,
    "pct2ResTime" : 197.0,
    "pct3ResTime" : 314.96000000000004,
    "throughput" : 21.47397354406459,
    "receivedKBytesPerSec" : 64.12833115014602,
    "sentKBytesPerSec" : 3.9424873303556094
  },
  "热门商品" : {
    "transaction" : "热门商品",
    "sampleCount" : 1000,
    "errorCount" : 0,
    "errorPct" : 0.0,
    "meanResTime" : 64.36000000000001,
    "medianResTime" : 11.0,
    "minResTime" : 2.0,
    "maxResTime" : 654.0,
    "pct1ResTime" : 184.79999999999995,
    "pct2ResTime" : 232.89999999999986,
    "pct3ResTime" : 405.0,
    "throughput" : 21.56799309824221,
    "receivedKBytesPerSec" : 134.48401946511376,
    "sentKBytesPerSec" : 4.191436158740429
  },
  "商品搜索-高并发" : {
    "transaction" : "商品搜索-高并发",
    "sampleCount" : 10000,
    "errorCount" : 0,
    "errorPct" : 0.0,
    "meanResTime" : 256.6934999999983,
    "medianResTime" : 202.0,
    "minResTime" : 5.0,
    "maxResTime" : 1751.0,
    "pct1ResTime" : 567.0,
    "pct2ResTime" : 682.0,
    "pct3ResTime" : 940.9899999999998,
    "throughput" : 161.19152777330024,
    "receivedKBytesPerSec" : 1003.018185426674,
    "sentKBytesPerSec" : 36.99219631516168
  },
  "商品详情" : {
    "transaction" : "商品详情",
    "sampleCount" : 1000,
    "errorCount" : 0,
    "errorPct" : 0.0,
    "meanResTime" : 82.9080000000001,
    "medianResTime" : 36.5,
    "minResTime" : 6.0,
    "maxResTime" : 659.0,
    "pct1ResTime" : 209.89999999999998,
    "pct2ResTime" : 287.94999999999993,
    "pct3ResTime" : 421.95000000000005,
    "throughput" : 21.683977708870916,
    "receivedKBytesPerSec" : 33.54096306676497,
    "sentKBytesPerSec" : 4.000736238805647
  },
  "用户登录" : {
    "transaction" : "用户登录",
    "sampleCount" : 1000,
    "errorCount" : 0,
    "errorPct" : 0.0,
    "meanResTime" : 230.74799999999976,
    "medianResTime" : 165.0,
    "minResTime" : 5.0,
    "maxResTime" : 1292.0,
    "pct1ResTime" : 525.3999999999999,
    "pct2ResTime" : 646.8999999999999,
    "pct3ResTime" : 1014.7600000000002,
    "throughput" : 16.19747967216301,
    "receivedKBytesPerSec" : 12.526884019971492,
    "sentKBytesPerSec" : 5.5958179626000195
  },
  "可用优惠券" : {
    "transaction" : "可用优惠券",
    "sampleCount" : 1000,
    "errorCount" : 0,
    "errorPct" : 0.0,
    "meanResTime" : 80.61000000000001,
    "medianResTime" : 30.0,
    "minResTime" : 4.0,
    "maxResTime" : 662.0,
    "pct1ResTime" : 205.89999999999998,
    "pct2ResTime" : 292.94999999999993,
    "pct3ResTime" : 438.99,
    "throughput" : 21.223311685555412,
    "receivedKBytesPerSec" : 37.72112037862388,
    "sentKBytesPerSec" : 4.041548611995416
  },
  "热门搜索词" : {
    "transaction" : "热门搜索词",
    "sampleCount" : 1000,
    "errorCount" : 0,
    "errorPct" : 0.0,
    "meanResTime" : 84.72200000000002,
    "medianResTime" : 46.0,
    "minResTime" : 2.0,
    "maxResTime" : 481.0,
    "pct1ResTime" : 209.89999999999998,
    "pct2ResTime" : 294.8499999999998,
    "pct3ResTime" : 402.96000000000004,
    "throughput" : 21.298800877510594,
    "receivedKBytesPerSec" : 13.270151327980235,
    "sentKBytesPerSec" : 4.284719707780452
  },
  "品牌详情" : {
    "transaction" : "品牌详情",
    "sampleCount" : 1000,
    "errorCount" : 0,
    "errorPct" : 0.0,
    "meanResTime" : 100.84499999999996,
    "medianResTime" : 65.5,
    "minResTime" : 6.0,
    "maxResTime" : 711.0,
    "pct1ResTime" : 241.0,
    "pct2ResTime" : 316.7999999999997,
    "pct3ResTime" : 494.93000000000006,
    "throughput" : 21.445881318492784,
    "receivedKBytesPerSec" : 13.494569500739884,
    "sentKBytesPerSec" : 3.907632254069356
  },
  "商品搜索" : {
    "transaction" : "商品搜索",
    "sampleCount" : 1000,
    "errorCount" : 0,
    "errorPct" : 0.0,
    "meanResTime" : 308.94600000000014,
    "medianResTime" : 269.0,
    "minResTime" : 5.0,
    "maxResTime" : 1350.0,
    "pct1ResTime" : 669.8,
    "pct2ResTime" : 852.9499999999999,
    "pct3ResTime" : 978.8700000000001,
    "throughput" : 21.366151742409674,
    "receivedKBytesPerSec" : 11.876763542134052,
    "sentKBytesPerSec" : 5.0911533448710555
  },
  "获取积分信息" : {
    "transaction" : "获取积分信息",
    "sampleCount" : 1000,
    "errorCount" : 0,
    "errorPct" : 0.0,
    "meanResTime" : 91.54400000000003,
    "medianResTime" : 52.0,
    "minResTime" : 5.0,
    "maxResTime" : 601.0,
    "pct1ResTime" : 220.79999999999995,
    "pct2ResTime" : 290.94999999999993,
    "pct3ResTime" : 462.85000000000014,
    "throughput" : 16.195118791196332,
    "receivedKBytesPerSec" : 9.651721439908012,
    "sentKBytesPerSec" : 4.518248356195443
  },
  "分类商品" : {
    "transaction" : "分类商品",
    "sampleCount" : 1000,
    "errorCount" : 0,
    "errorPct" : 0.0,
    "meanResTime" : 51.638999999999974,
    "medianResTime" : 14.0,
    "minResTime" : 6.0,
    "maxResTime" : 702.0,
    "pct1ResTime" : 152.89999999999998,
    "pct2ResTime" : 196.94999999999993,
    "pct3ResTime" : 407.9000000000001,
    "throughput" : 21.49890355591865,
    "receivedKBytesPerSec" : 133.98240566684223,
    "sentKBytesPerSec" : 4.492934922818936
  },
  "获取订单统计" : {
    "transaction" : "获取订单统计",
    "sampleCount" : 1000,
    "errorCount" : 0,
    "errorPct" : 0.0,
    "meanResTime" : 101.97000000000001,
    "medianResTime" : 68.0,
    "minResTime" : 5.0,
    "maxResTime" : 797.0,
    "pct1ResTime" : 249.0,
    "pct2ResTime" : 315.89999999999986,
    "pct3ResTime" : 475.85000000000014,
    "throughput" : 16.194594244441205,
    "receivedKBytesPerSec" : 9.050532447893893,
    "sentKBytesPerSec" : 4.518102013797794
  },
  "商品详情和参数" : {
    "transaction" : "商品详情和参数",
    "sampleCount" : 1000,
    "errorCount" : 0,
    "errorPct" : 0.0,
    "meanResTime" : 89.223,
    "medianResTime" : 54.5,
    "minResTime" : 6.0,
    "maxResTime" : 568.0,
    "pct1ResTime" : 212.0,
    "pct2ResTime" : 293.0,
    "pct3ResTime" : 411.7600000000002,
    "throughput" : 21.60713899872518,
    "receivedKBytesPerSec" : 64.3151051795013,
    "sentKBytesPerSec" : 4.155111911475552
  },
  "获取订单列表" : {
    "transaction" : "获取订单列表",
    "sampleCount" : 1000,
    "errorCount" : 0,
    "errorPct" : 0.0,
    "meanResTime" : 86.9169999999999,
    "medianResTime" : 50.0,
    "minResTime" : 5.0,
    "maxResTime" : 694.0,
    "pct1ResTime" : 211.89999999999998,
    "pct2ResTime" : 290.94999999999993,
    "pct3ResTime" : 425.99,
    "throughput" : 16.19564337193295,
    "receivedKBytesPerSec" : 8.67368435703296,